episode,steps,collisions,timeout,runtime_s,success
0,0,1,0,2.976,0
1,0,1,0,64.890,0
2,0,2,0,0.972,0
3,0,3,0,1.566,0
4,0,4,0,1.438,0
5,0,4,0,1.668,1
6,0,5,0,1.172,0
7,0,5,0,64.658,0
8,0,6,0,1.070,0
9,0,7,0,3.067,0
10,0,8,0,0.126,0
11,0,9,0,1.491,0
12,0,10,0,2.010,0
13,0,11,0,2.363,0
14,0,12,0,5.135,0
15,0,13,0,2.265,0
16,0,14,0,1.477,0
17,0,14,0,65.346,0
18,0,15,0,2.382,0
19,0,16,0,2.479,0
20,0,17,0,6.819,0
21,0,18,0,4.048,0
22,0,19,0,0.868,0
23,0,20,0,1.403,0
24,0,21,0,5.072,0
25,0,22,0,4.192,0
26,0,23,0,0.869,0
27,0,24,0,5.714,0
28,0,25,0,2.420,0
29,0,26,0,0.811,0
30,0,26,0,66.058,0
31,0,27,0,2.287,0
32,0,27,0,7.608,1
33,0,28,0,0.109,0
34,0,29,0,4.745,0
35,0,30,0,1.548,0
36,0,30,0,65.292,0
37,0,30,0,0.370,1
38,0,31,0,1.376,0
39,0,32,0,0.953,0
40,0,33,0,5.620,0
41,0,34,0,5.019,0
42,0,35,0,3.858,0
43,0,35,0,64.554,0
44,0,36,0,3.943,0
45,0,37,0,2.391,0
46,0,37,0,65.098,0
47,0,37,0,63.914,0
48,0,38,0,0.709,0
49,0,39,0,1.511,0
50,0,40,0,2.694,0
51,0,41,0,5.591,0
52,0,42,0,3.329,0
53,0,43,0,0.560,0
54,0,44,0,0.726,0
55,0,45,0,3.023,0
56,0,46,0,1.633,0
57,0,47,0,1.439,0
58,0,48,0,4.265,0
59,0,49,0,1.347,0
60,0,50,0,2.297,0
61,0,51,0,2.796,0
62,0,51,0,63.255,0
63,0,51,0,3.094,1
64,0,52,0,2.372,0
65,0,53,0,1.410,0
66,0,54,0,1.120,0
67,0,55,0,1.940,0
68,0,55,0,64.840,0
69,0,56,0,1.575,0
70,0,57,0,0.800,0
71,0,57,0,64.499,0
72,0,58,0,3.237,0
73,0,59,0,5.226,0
74,0,60,0,6.566,0
75,0,61,0,5.702,0
76,0,62,0,1.963,0
77,0,63,0,5.477,0
78,0,64,0,1.089,0
79,0,65,0,1.026,0
80,0,66,0,0.767,0
81,0,67,0,0.926,0
82,0,67,0,63.247,0
83,0,68,0,0.602,0
84,0,69,0,4.246,0
85,0,70,0,1.229,0
86,0,71,0,1.388,0
87,0,72,0,1.018,0
88,0,73,0,1.141,0
89,0,74,0,1.994,0
90,0,75,0,4.090,0
91,0,76,0,3.567,0
92,0,77,0,4.647,0
93,0,78,0,3.925,0
94,0,79,0,2.323,0
95,0,80,0,0.980,0
96,0,81,0,4.083,0
97,0,82,0,1.612,0
98,0,83,0,1.302,0
99,0,84,0,4.476,0
100,0,85,0,1.115,0
101,0,86,0,1.311,0
102,0,87,0,1.894,0
103,0,88,0,1.400,0
104,0,89,0,1.830,0
105,0,90,0,1.648,0
106,0,91,0,3.785,0
107,0,92,0,1.635,0
108,0,93,0,5.826,0
109,0,94,0,1.885,0
110,0,95,0,1.654,0
111,0,96,0,2.786,0
112,0,97,0,3.217,0
113,0,98,0,3.657,0
114,0,99,0,6.143,0
115,0,99,0,63.089,0
116,0,100,0,3.386,0
117,0,101,0,1.877,0
118,0,102,0,4.841,0
119,0,103,0,5.246,0
120,0,104,0,2.051,0
121,0,105,0,0.928,0
122,0,106,0,2.546,0
123,0,107,0,3.829,0
124,0,108,0,3.597,0
125,0,109,0,1.181,0
126,0,110,0,4.096,0
127,0,111,0,1.492,0
128,0,112,0,2.590,0
129,0,113,0,1.588,0
130,0,114,0,5.069,0
131,0,115,0,5.668,0
132,0,116,0,3.153,0
133,0,117,0,3.076,0
134,0,118,0,1.019,0
135,0,119,0,3.675,0
136,0,120,0,3.215,0
137,0,121,0,1.576,0
138,0,122,0,1.586,0
139,0,123,0,3.119,0
140,0,124,0,0.737,0
141,0,124,0,61.911,0
142,0,125,0,0.969,0
143,0,125,0,63.540,0
144,0,125,0,61.633,0
145,0,125,0,61.915,0
146,0,125,0,62.556,0
147,0,125,0,0.506,1
148,0,126,0,1.258,0
149,0,126,0,5.934,1
150,0,127,0,1.748,0
151,0,128,0,1.877,0
152,0,129,0,0.452,0
153,0,130,0,5.905,0
154,0,131,0,2.975,0
155,0,132,0,2.766,0
156,0,133,0,2.144,0
157,0,134,0,3.615,0
158,0,135,0,1.392,0
159,0,136,0,2.067,0
160,0,137,0,1.506,0
161,0,138,0,1.464,0
162,0,139,0,3.834,0
163,0,140,0,5.592,0
164,0,141,0,2.508,0
165,0,142,0,3.836,0
166,0,143,0,3.417,0
167,0,144,0,2.165,0
168,0,145,0,1.313,0
169,0,146,0,4.242,0
170,0,147,0,5.450,0
171,0,148,0,4.296,0
172,0,148,0,64.632,0
173,0,149,0,1.970,0
174,0,150,0,0.814,0
175,0,151,0,2.113,0
176,0,151,0,62.531,0
177,0,152,0,2.998,0
178,0,153,0,3.434,0
179,0,154,0,1.390,0
180,0,155,0,2.183,0
181,0,156,0,1.625,0
182,0,157,0,2.084,0
183,0,158,0,1.475,0
184,0,158,0,63.710,0
185,0,158,0,64.514,0
186,0,159,0,4.992,0
187,0,160,0,3.747,0
188,0,161,0,2.061,0
189,0,162,0,3.921,0
190,0,163,0,2.369,0
191,0,163,0,62.709,0
192,0,163,0,62.446,0
193,0,164,0,5.310,0
194,0,164,0,63.565,0
195,0,165,0,3.354,0
196,0,166,0,2.119,0
197,0,166,0,62.188,0
198,0,166,0,2.236,1
199,0,167,0,1.376,0
200,0,168,0,0.708,0
201,0,169,0,3.353,0
202,0,170,0,3.247,0
203,0,171,0,0.916,0
204,0,172,0,1.704,0
205,0,173,0,4.159,0
206,0,174,0,1.092,0
207,0,175,0,1.336,0
208,0,176,0,3.955,0
209,0,177,0,0.874,0
210,0,178,0,2.103,0
211,0,179,0,1.048,0
212,0,179,0,61.643,0
213,0,180,0,2.038,0
214,0,180,0,63.425,0
215,0,180,0,64.554,0
216,0,181,0,2.079,0
217,0,182,0,1.559,0
218,0,183,0,2.899,0
219,0,184,0,0.509,0
220,0,185,0,0.120,0
221,0,186,0,2.112,0
222,0,187,0,1.560,0
223,0,188,0,2.918,0
224,0,189,0,6.277,0
225,0,190,0,3.578,0
226,0,191,0,2.608,0
227,0,192,0,3.614,0
228,0,193,0,0.957,0
229,0,194,0,4.998,0
230,0,195,0,2.321,0
231,0,196,0,2.657,0
232,0,196,0,65.121,0
233,0,197,0,1.584,0
234,0,198,0,1.235,0
235,0,199,0,6.159,0
236,0,199,0,64.561,0
237,0,199,0,62.475,0
238,0,200,0,3.382,0
239,0,201,0,5.529,0
240,0,202,0,3.102,0
241,0,203,0,2.251,0
242,0,204,0,3.789,0
243,0,204,0,62.775,0
244,0,205,0,1.028,0
245,0,206,0,3.043,0
246,0,207,0,4.891,0
247,0,208,0,3.479,0
248,0,208,0,64.623,0
249,0,209,0,3.652,0
250,0,210,0,1.207,0
251,0,211,0,1.664,0
252,0,212,0,1.602,0
253,0,213,0,1.502,0
254,0,214,0,1.188,0
255,0,215,0,0.801,0
256,0,216,0,3.535,0
257,0,217,0,5.068,0
258,0,218,0,0.760,0
259,0,219,0,2.300,0
260,0,220,0,3.706,0
261,0,221,0,3.324,0
262,0,222,0,1.975,0
263,0,223,0,4.895,0
264,0,224,0,0.737,0
265,0,225,0,3.451,0
266,0,226,0,5.392,0
267,0,227,0,0.864,0
268,0,228,0,3.672,0
269,0,229,0,3.606,0
270,0,230,0,2.526,0
271,0,231,0,3.646,0
272,0,232,0,4.368,0
273,0,233,0,0.893,0
274,0,234,0,1.909,0
275,0,235,0,2.561,0
276,0,236,0,4.253,0
277,0,236,0,65.593,0
278,0,237,0,1.975,0
279,0,238,0,3.586,0
280,0,239,0,2.835,0
281,0,240,0,4.495,0
282,0,241,0,2.815,0
283,0,241,0,65.795,0
284,0,242,0,1.729,0
285,0,243,0,0.740,0
286,0,244,0,0.965,0
287,0,245,0,1.128,0
288,0,246,0,2.566,0
289,0,247,0,0.972,0
290,0,248,0,0.909,0
291,0,249,0,2.965,0
292,0,249,0,65.868,0
293,0,250,0,3.516,0
294,0,251,0,0.855,0
295,0,252,0,3.533,0
296,0,253,0,4.669,0
297,0,254,0,3.311,0
298,0,255,0,2.299,0
299,0,255,0,64.114,0
300,0,255,0,1.570,1
301,0,255,0,64.078,0
302,0,256,0,4.226,0
303,0,257,0,3.301,0
304,0,258,0,1.773,0
305,0,259,0,3.538,0
306,0,259,0,64.251,0
307,0,260,0,2.927,0
308,0,261,0,2.073,0
309,0,262,0,6.056,0
310,0,263,0,3.814,0
311,0,263,0,64.614,0
312,0,263,0,63.888,0
313,0,263,0,61.877,0
314,0,264,0,4.293,0
315,0,265,0,1.553,0
316,0,265,0,61.995,0
317,0,266,0,2.850,0
318,0,266,0,63.686,0
319,0,267,0,2.336,0
320,0,267,0,63.513,0
321,0,268,0,1.494,0
322,0,268,0,64.448,0
323,0,269,0,0.957,0
324,0,270,0,1.757,0
325,0,271,0,0.923,0
326,0,272,0,0.586,0
327,0,273,0,0.623,0
328,0,274,0,3.474,0
329,0,275,0,3.829,0
330,0,276,0,1.667,0
331,0,277,0,1.358,0
332,0,278,0,1.201,0
333,0,279,0,2.431,0
334,0,280,0,2.139,0
335,0,281,0,0.981,0
336,0,282,0,2.385,0
337,0,282,0,65.058,0
338,0,283,0,3.114,0
339,0,284,0,5.215,0
340,0,285,0,5.409,0
341,0,286,0,2.077,0
342,0,286,0,4.771,1
343,0,287,0,2.688,0
344,0,288,0,4.538,0
345,0,289,0,1.073,0
346,0,290,0,3.063,0
347,0,291,0,4.226,0
348,0,292,0,0.617,0
349,0,293,0,3.747,0
350,0,294,0,0.237,0
351,0,294,0,5.873,1
352,0,295,0,1.272,0
353,0,296,0,3.347,0
354,0,297,0,0.887,0
355,0,298,0,4.639,0
356,0,299,0,1.323,0
357,0,300,0,1.809,0
358,0,301,0,2.178,0
359,0,302,0,6.351,0
360,0,302,0,64.308,0
361,0,303,0,1.312,0
362,0,304,0,1.644,0
363,0,305,0,1.467,0
364,0,306,0,2.886,0
365,0,307,0,5.159,0
366,0,307,0,64.432,0
367,0,308,0,2.882,0
368,0,308,0,64.621,0
369,0,309,0,1.863,0
370,0,310,0,3.608,0
371,0,311,0,3.168,0
372,0,312,0,0.802,0
373,0,313,0,3.250,0
374,0,314,0,4.289,0
375,0,315,0,1.042,0
376,0,316,0,3.352,0
377,0,317,0,1.279,0
378,0,318,0,4.211,0
379,0,319,0,0.655,0
380,0,320,0,0.819,0
381,0,321,0,2.601,0
382,0,322,0,1.433,0
383,0,323,0,2.512,0
384,0,324,0,4.539,0
385,0,325,0,1.023,0
386,0,326,0,3.296,0
387,0,327,0,1.141,0
388,0,328,0,3.822,0
389,0,329,0,1.265,0
390,0,330,0,1.259,0
391,0,331,0,1.531,0
392,0,332,0,1.783,0
393,0,333,0,2.953,0
394,0,334,0,2.674,0
395,0,335,0,5.749,0
396,0,336,0,3.160,0
397,0,337,0,1.932,0
398,0,338,0,2.085,0
399,0,339,0,2.299,0
400,0,340,0,0.816,0
401,0,340,0,61.340,0
402,0,341,0,4.173,0
403,0,342,0,3.377,0
404,0,343,0,0.651,0
405,0,344,0,1.096,0
406,0,345,0,0.493,0
407,0,345,0,6.984,1
408,0,346,0,0.907,0
409,0,347,0,5.875,0
410,0,348,0,2.248,0
411,0,349,0,1.377,0
412,0,350,0,0.876,0
413,0,351,0,3.868,0
414,0,352,0,3.187,0
415,0,353,0,0.433,0
416,0,353,0,62.027,0
417,0,354,0,4.396,0
418,0,355,0,5.642,0
419,0,355,0,63.560,0
420,0,356,0,1.896,0
421,0,357,0,2.946,0
422,0,358,0,2.263,0
423,0,359,0,2.216,0
424,0,359,0,65.149,0
425,0,360,0,1.421,0
426,0,360,0,65.193,0
427,0,361,0,6.153,0
428,0,361,0,64.247,0
429,0,362,0,4.214,0
430,0,363,0,3.541,0
431,0,364,0,1.791,0
432,0,365,0,1.751,0
433,0,365,0,63.494,0
434,0,366,0,0.624,0
435,0,367,0,3.931,0
436,0,368,0,3.965,0
437,0,369,0,0.916,0
438,0,370,0,3.786,0
439,0,371,0,2.341,0
440,0,371,0,64.438,0
441,0,372,0,4.370,0
442,0,373,0,17.029,0
443,0,373,0,3.020,1
444,0,374,0,0.667,0
445,0,375,0,2.779,0
446,0,375,0,0.142,1
447,0,376,0,2.417,0
448,0,377,0,5.286,0
449,0,378,0,3.470,0
450,0,379,0,1.313,0
451,0,380,0,2.638,0
452,0,381,0,2.120,0
453,0,382,0,0.934,0
454,0,383,0,4.286,0
455,0,384,0,4.047,0
456,0,385,0,2.216,0
457,0,386,0,5.947,0
458,0,386,0,0.218,1
459,0,387,0,6.387,0
460,0,388,0,2.920,0
461,0,389,0,2.524,0
462,0,389,0,0.141,1
463,0,390,0,5.735,0
464,0,391,0,5.670,0
465,0,392,0,4.093,0
466,0,393,0,5.025,0
467,0,394,0,3.552,0
468,0,395,0,0.458,0
469,0,396,0,0.894,0
470,0,397,0,5.240,0
471,0,398,0,1.966,0
472,0,399,0,1.024,0
473,0,400,0,3.004,0
474,0,401,0,1.904,0
475,0,401,0,62.629,0
476,0,401,0,62.986,0
477,0,402,0,1.322,0
478,0,402,0,63.419,0
479,0,403,0,1.623,0
480,0,404,0,0.109,0
481,0,405,0,3.452,0
482,0,406,0,1.163,0
483,0,407,0,4.210,0
484,0,408,0,3.888,0
485,0,409,0,3.458,0
486,0,410,0,1.152,0
487,0,411,0,1.537,0
488,0,412,0,3.532,0
489,0,413,0,3.044,0
490,0,414,0,0.663,0
491,0,414,0,64.833,0
492,0,415,0,0.832,0
493,0,416,0,0.973,0
494,0,417,0,1.601,0
495,0,418,0,1.252,0
496,0,419,0,1.220,0
497,0,420,0,0.846,0
498,0,421,0,1.212,0
499,0,422,0,1.314,0
500,0,423,0,1.068,0
501,0,423,0,65.108,0
502,0,424,0,4.300,0
503,0,425,0,1.530,0
504,0,426,0,3.484,0
505,0,427,0,1.560,0
506,0,428,0,0.868,0
507,0,429,0,0.963,0
508,0,430,0,4.174,0
509,0,431,0,6.485,0
510,0,432,0,6.565,0
511,0,432,0,64.386,0
512,0,433,0,3.505,0
513,0,433,0,1.541,1
514,0,434,0,5.097,0
515,0,435,0,1.938,0
516,0,436,0,3.742,0
517,0,437,0,5.245,0
518,0,438,0,3.170,0
519,0,439,0,2.717,0
520,0,440,0,2.533,0
521,0,441,0,3.366,0
522,0,442,0,1.662,0
523,0,443,0,2.803,0
524,0,444,0,2.219,0
525,0,445,0,3.074,0
526,0,446,0,3.568,0
527,0,446,0,63.646,0
528,0,447,0,2.263,0
529,0,448,0,2.328,0
530,0,448,0,63.806,0
531,0,449,0,1.150,0
532,0,450,0,3.027,0
533,0,451,0,1.570,0
534,0,452,0,3.572,0
535,0,453,0,2.381,0
536,0,454,0,3.914,0
537,0,455,0,1.978,0
538,0,456,0,3.748,0
539,0,457,0,1.435,0
540,0,457,0,62.085,0
541,0,458,0,2.080,0
542,0,459,0,1.015,0
543,0,460,0,4.436,0
544,0,461,0,2.785,0
545,0,461,0,61.669,0
546,0,462,0,0.610,0
547,0,463,0,3.600,0
548,0,464,0,1.135,0
549,0,465,0,2.154,0
550,0,466,0,4.916,0
551,0,467,0,1.967,0
552,0,468,0,3.632,0
553,0,469,0,2.559,0
554,0,470,0,0.853,0
555,0,471,0,1.646,0
556,0,472,0,1.984,0
557,0,473,0,1.013,0
558,0,474,0,3.851,0
559,0,475,0,3.513,0
560,0,476,0,0.722,0
561,0,477,0,0.601,0
562,0,478,0,1.321,0
563,0,479,0,2.992,0
564,0,480,0,3.077,0
565,0,481,0,3.315,0
566,0,482,0,1.364,0
567,0,483,0,4.282,0
568,0,484,0,0.627,0
569,0,485,0,1.287,0
570,0,486,0,1.314,0
571,0,487,0,3.404,0
572,0,488,0,1.642,0
573,0,489,0,1.742,0
574,0,489,0,3.142,1
575,0,490,0,0.768,0
576,0,491,0,1.542,0
577,0,491,0,61.813,0
578,0,492,0,5.478,0
579,0,493,0,5.532,0
580,0,493,0,62.737,0
581,0,493,0,63.286,0
582,0,493,0,63.423,0
583,0,494,0,2.790,0
584,0,495,0,2.854,0
585,0,496,0,1.348,0
586,0,497,0,4.720,0
587,0,498,0,2.639,0
588,0,499,0,1.936,0
589,0,500,0,0.907,0
590,0,501,0,2.439,0
591,0,502,0,12.624,0
592,0,503,0,1.178,0
593,0,504,0,1.947,0
594,0,504,0,63.212,0
595,0,504,0,1.720,1
596,0,505,0,0.715,0
597,0,506,0,2.773,0
598,0,507,0,5.453,0
599,0,508,0,2.181,0
600,0,509,0,2.417,0
601,0,510,0,4.398,0
602,0,511,0,1.721,0
603,0,512,0,1.865,0
604,0,513,0,1.982,0
605,0,513,0,62.464,0
606,0,514,0,4.311,0
607,0,514,0,63.986,0
608,0,514,0,2.808,1
609,0,514,0,64.352,0
610,0,515,0,1.976,0
611,0,515,0,63.974,0
612,0,516,0,2.082,0
613,0,516,0,64.166,0
614,0,517,0,2.549,0
615,0,518,0,1.141,0
616,0,518,0,64.687,0
617,0,518,0,64.795,0
618,0,519,0,0.986,0
619,0,520,0,1.062,0
620,0,521,0,4.638,0
621,0,522,0,2.185,0
622,0,523,0,3.710,0
623,0,523,0,64.176,0
624,0,524,0,4.743,0
625,0,525,0,4.947,0
626,0,526,0,5.297,0
627,0,527,0,5.365,0
628,0,528,0,2.487,0
629,0,529,0,0.472,0
630,0,530,0,2.011,0
631,0,531,0,2.084,0
632,0,532,0,1.847,0
633,0,532,0,6.633,1
634,0,533,0,1.375,0
635,0,534,0,1.963,0
636,0,535,0,2.154,0
637,0,536,0,3.189,0
638,0,537,0,2.260,0
639,0,538,0,1.946,0
640,0,539,0,2.576,0
641,0,540,0,0.731,0
642,0,541,0,3.124,0
643,0,542,0,4.704,0
644,0,542,0,64.525,0
645,0,543,0,2.082,0
646,0,544,0,1.074,0
647,0,545,0,4.048,0
648,0,546,0,0.888,0
649,0,547,0,2.502,0
650,0,548,0,5.643,0
651,0,548,0,63.771,0
652,0,549,0,2.891,0
653,0,549,0,63.588,0
654,0,550,0,1.764,0
655,0,551,0,0.807,0
656,0,552,0,3.190,0
657,0,553,0,2.383,0
658,0,554,0,2.413,0
659,0,555,0,2.073,0
660,0,556,0,0.864,0
661,0,557,0,0.654,0
662,0,558,0,4.295,0
663,0,559,0,1.609,0
664,0,560,0,3.700,0
665,0,561,0,2.668,0
666,0,562,0,3.697,0
667,0,563,0,2.933,0
668,0,564,0,1.014,0
669,0,565,0,0.618,0
670,0,566,0,1.087,0
671,0,567,0,5.625,0
672,0,568,0,4.492,0
673,0,569,0,2.807,0
674,0,570,0,2.294,0
675,0,571,0,5.404,0
676,0,571,0,63.427,0
677,0,572,0,0.698,0
678,0,573,0,4.455,0
679,0,574,0,0.471,0
680,0,575,0,4.310,0
681,0,576,0,0.927,0
682,0,577,0,1.096,0
683,0,578,0,2.671,0
684,0,578,0,62.461,0
685,0,578,0,63.038,0
686,0,579,0,1.256,0
687,0,580,0,4.075,0
688,0,581,0,1.097,0
689,0,582,0,1.319,0
690,0,583,0,4.582,0
691,0,584,0,1.537,0
692,0,585,0,1.648,0
693,0,586,0,2.700,0
694,0,587,0,4.983,0
695,0,588,0,1.709,0
696,0,589,0,4.412,0
697,0,590,0,3.072,0
698,0,591,0,2.338,0
699,0,592,0,5.212,0
700,0,593,0,0.530,0
701,0,594,0,3.144,0
702,0,595,0,1.796,0
703,0,595,0,64.161,0
704,0,596,0,0.844,0
705,0,597,0,1.014,0
706,0,598,0,2.088,0
707,0,599,0,3.368,0
708,0,600,0,5.085,0
709,0,600,0,63.896,0
710,0,600,0,0.128,1
711,0,601,0,1.871,0
712,0,601,0,64.108,0
713,0,601,0,0.532,1
714,0,602,0,4.347,0
715,0,603,0,5.964,0
716,0,604,0,2.279,0
717,0,605,0,3.023,0
718,0,606,0,4.977,0
719,0,607,0,1.299,0
720,0,608,0,1.406,0
721,0,609,0,2.648,0
722,0,610,0,3.323,0
723,0,611,0,3.612,0
724,0,612,0,1.619,0
725,0,612,0,64.601,0
726,0,613,0,0.964,0
727,0,614,0,3.440,0
728,0,615,0,2.032,0
729,0,616,0,2.184,0
730,0,616,0,65.463,0
731,0,617,0,1.401,0
732,0,618,0,2.250,0
733,0,618,0,64.584,0
734,0,619,0,6.602,0
735,0,619,0,64.975,0
736,0,620,0,3.613,0
737,0,621,0,2.952,0
738,0,621,0,63.323,0
739,0,622,0,1.592,0
740,0,623,0,1.862,0
741,0,624,0,1.326,0
742,0,625,0,2.373,0
743,0,626,0,5.107,0
744,0,626,0,61.997,0
745,0,627,0,1.866,0
746,0,628,0,4.285,0
747,0,629,0,3.055,0
748,0,630,0,1.189,0
749,0,631,0,3.776,0
750,0,632,0,3.893,0
751,0,633,0,1.219,0
752,0,634,0,4.694,0
753,0,635,0,1.527,0
754,0,636,0,1.785,0
755,0,636,0,63.003,0
756,0,637,0,1.202,0
757,0,637,0,5.842,1
758,0,637,0,63.794,0
759,0,638,0,3.185,0
760,0,639,0,1.910,0
761,0,640,0,0.878,0
762,0,641,0,1.980,0
763,0,642,0,5.062,0
764,0,643,0,1.992,0
765,0,644,0,1.392,0
766,0,644,0,64.836,0
767,0,645,0,2.284,0
768,0,646,0,1.248,0
769,0,646,0,2.734,1
770,0,647,0,2.395,0
771,0,648,0,1.231,0
772,0,649,0,1.110,0
773,0,650,0,1.644,0
774,0,651,0,3.113,0
775,0,652,0,1.180,0
776,0,653,0,4.720,0
777,0,654,0,1.756,0
778,0,655,0,2.213,0
779,0,656,0,4.625,0
780,0,656,0,64.187,0
781,0,657,0,1.870,0
782,0,658,0,5.058,0
783,0,659,0,3.942,0
784,0,660,0,1.553,0
785,0,661,0,3.610,0
786,0,662,0,1.071,0
787,0,663,0,2.020,0
788,0,664,0,0.642,0
789,0,665,0,6.293,0
790,0,666,0,1.440,0
791,0,667,0,5.495,0
792,0,668,0,1.566,0
793,0,668,0,6.387,1
794,0,669,0,4.213,0
795,0,670,0,1.708,0
796,0,671,0,1.723,0
797,0,671,0,64.628,0
798,0,671,0,64.925,0
799,0,672,0,2.918,0
800,0,673,0,3.110,0
801,0,674,0,3.621,0
802,0,675,0,2.699,0
803,0,676,0,4.097,0
804,0,676,0,65.039,0
805,0,677,0,5.331,0
806,0,678,0,2.595,0
807,0,679,0,4.464,0
808,0,680,0,2.920,0
809,0,681,0,4.443,0
810,0,682,0,3.426,0
811,0,683,0,0.268,0
812,0,684,0,1.681,0
813,0,685,0,0.873,0
814,0,686,0,2.138,0
815,0,687,0,2.818,0
816,0,688,0,2.794,0
817,0,689,0,1.180,0
818,0,689,0,65.126,0
819,0,690,0,1.513,0
820,0,690,0,64.461,0
821,0,691,0,1.124,0
822,0,692,0,3.011,0
823,0,693,0,1.044,0
824,0,694,0,4.025,0
825,0,694,0,65.794,0
826,0,695,0,1.280,0
827,0,696,0,4.556,0
828,0,696,0,65.186,0
829,0,697,0,0.569,0
830,0,698,0,1.291,0
831,0,699,0,1.795,0
832,0,699,0,64.134,0
833,0,700,0,3.485,0
834,0,701,0,1.415,0
835,0,702,0,0.729,0
836,0,703,0,2.776,0
837,0,704,0,1.553,0
838,0,705,0,4.515,0
839,0,706,0,1.118,0
840,0,707,0,5.235,0
841,0,708,0,2.777,0
842,0,709,0,1.296,0
843,0,709,0,64.832,0
844,0,709,0,64.403,0
845,0,710,0,2.152,0
846,0,711,0,1.427,0
847,0,711,0,65.540,0
848,0,712,0,2.362,0
849,0,713,0,2.645,0
850,0,714,0,5.292,0
851,0,715,0,1.499,0
852,0,716,0,2.703,0
853,0,717,0,5.732,0
854,0,718,0,4.611,0
855,0,719,0,2.929,0
856,0,720,0,2.859,0
857,0,721,0,0.558,0
858,0,722,0,3.791,0
859,0,723,0,3.960,0
860,0,724,0,3.139,0
861,0,724,0,63.572,0
862,0,725,0,1.269,0
863,0,726,0,6.245,0
864,0,727,0,1.030,0
865,0,727,0,64.470,0
866,0,728,0,2.211,0
867,0,729,0,0.711,0
868,0,730,0,1.770,0
869,0,731,0,0.860,0
870,0,732,0,3.998,0
871,0,733,0,3.706,0
872,0,734,0,1.247,0
873,0,734,0,63.332,0
874,0,735,0,6.042,0
875,0,735,0,0.157,1
876,0,735,0,64.260,0
877,0,736,0,3.207,0
878,0,737,0,2.432,0
879,0,737,0,1.132,1
880,0,738,0,0.474,0
881,0,739,0,0.976,0
882,0,740,0,4.537,0
883,0,741,0,1.194,0
884,0,742,0,2.498,0
885,0,743,0,3.880,0
886,0,744,0,1.059,0
887,0,745,0,6.353,0
888,0,746,0,2.059,0
889,0,747,0,1.892,0
890,0,748,0,3.332,0
891,0,749,0,3.004,0
892,0,750,0,3.997,0
893,0,751,0,1.956,0
894,0,752,0,0.898,0
895,0,753,0,7.001,0
896,0,754,0,4.546,0
897,0,755,0,1.860,0
898,0,756,0,1.108,0
899,0,757,0,1.414,0
900,0,757,0,62.458,0
901,0,758,0,0.735,0
902,0,759,0,5.103,0
903,0,760,0,1.041,0
904,0,761,0,0.918,0
905,0,762,0,3.404,0
906,0,762,0,62.816,0
907,0,762,0,62.053,0
908,0,763,0,1.124,0
909,0,764,0,1.538,0
910,0,765,0,1.231,0
911,0,766,0,1.360,0
912,0,767,0,2.000,0
913,0,768,0,2.674,0
914,0,769,0,1.026,0
915,0,770,0,1.874,0
916,0,770,0,63.190,0
917,0,771,0,3.482,0
918,0,772,0,2.565,0
919,0,773,0,4.529,0
920,0,773,0,63.266,0
921,0,774,0,3.458,0
922,0,775,0,1.436,0
923,0,776,0,0.840,0
924,0,777,0,1.793,0
925,0,778,0,2.348,0
926,0,779,0,5.263,0
927,0,780,0,1.489,0
928,0,781,0,2.036,0
929,0,782,0,1.732,0
930,0,783,0,5.816,0
931,0,784,0,1.287,0
932,0,785,0,5.249,0
933,0,786,0,5.157,0
934,0,787,0,3.446,0
935,0,788,0,1.148,0
936,0,789,0,0.109,0
937,0,790,0,0.920,0
938,0,791,0,1.555,0
939,0,792,0,2.001,0
940,0,793,0,1.392,0
941,0,794,0,4.091,0
942,0,795,0,0.821,0
943,0,796,0,1.185,0
944,0,797,0,3.185,0
945,0,797,0,64.414,0
946,0,798,0,4.599,0
947,0,799,0,2.053,0
948,0,800,0,1.379,0
949,0,801,0,3.360,0
950,0,802,0,1.603,0
951,0,803,0,2.154,0
952,0,803,0,65.623,0
953,0,804,0,3.372,0
954,0,805,0,1.870,0
955,0,806,0,3.544,0
956,0,807,0,17.659,0
957,0,808,0,4.086,0
958,0,808,0,64.955,0
959,0,809,0,3.070,0
960,0,810,0,3.534,0
961,0,811,0,2.162,0
962,0,812,0,2.691,0
963,0,813,0,2.372,0
964,0,814,0,3.593,0
965,0,815,0,1.466,0
966,0,816,0,1.776,0
967,0,817,0,1.920,0
968,0,818,0,3.797,0
969,0,819,0,4.089,0
970,0,820,0,2.701,0
971,0,821,0,0.721,0
972,0,822,0,1.141,0
973,0,823,0,1.096,0
974,0,824,0,1.013,0
975,0,825,0,1.508,0
976,0,826,0,2.479,0
977,0,827,0,2.797,0
978,0,828,0,2.582,0
979,0,829,0,3.235,0
980,0,830,0,0.536,0
981,0,831,0,4.110,0
982,0,832,0,1.074,0
983,0,833,0,2.467,0
984,0,834,0,3.449,0
985,0,835,0,1.813,0
986,0,835,0,64.751,0
987,0,835,0,65.065,0
988,0,836,0,3.582,0
989,0,837,0,4.449,0
990,0,837,0,65.195,0
991,0,838,0,1.101,0
992,0,839,0,1.382,0
993,0,840,0,2.670,0
994,0,841,0,0.707,0
995,0,842,0,1.740,0
996,0,843,0,1.279,0
997,0,844,0,1.499,0
998,0,845,0,2.507,0
999,0,846,0,1.287,0
